training_type,data_name,max_iter,n_particle,avgBest
exchange_layers,breast,20,20,0.8471537610881734
exchange_layers,breast,20,40,0.6953214486001611
exchange_layers,breast,20,60,0.7089093567903275
exchange_layers,breast,20,80,0.8366454276291833
exchange_layers,breast,20,100,0.6660749567794431
exchange_layers,breast,40,20,0.5640173827080797
exchange_layers,breast,40,40,0.8919091498494572
exchange_layers,breast,40,60,0.5913416572199302
exchange_layers,breast,40,80,0.5364541362594496
exchange_layers,breast,40,100,0.5427014238383643
exchange_layers,breast,60,20,0.47588348085894444
exchange_layers,breast,60,40,0.49662744108437434
exchange_layers,breast,60,60,0.4129952494496851
exchange_layers,breast,60,80,0.40614584352177807
exchange_layers,breast,60,100,0.5970051390045535
exchange_layers,breast,80,20,0.44127007077080854
exchange_layers,breast,80,40,0.4223756975754976
exchange_layers,breast,80,60,0.540903776840935
exchange_layers,breast,80,80,0.5397821668030467
exchange_layers,breast,80,100,0.4805099157979407
exchange_layers,breast,100,20,0.4572399188026808
exchange_layers,breast,100,40,0.4312561483175533
exchange_layers,breast,100,60,0.39855063177149885
exchange_layers,breast,100,80,0.3277158750174968
exchange_layers,breast,100,100,0.40624802691651735
exchange_layers,breast,500,20,0.18649235351446458
exchange_layers,breast,500,40,0.18611450825286507
exchange_layers,breast,500,60,0.28669786484519005
exchange_layers,breast,500,80,0.1681486153182938
exchange_layers,breast,500,100,0.21925891235515285
exchange_layers,breast,1000,20,0.12493533584805591
exchange_layers,breast,1000,40,0.16392860503056633
exchange_layers,breast,1000,60,0.21459374226255157
exchange_layers,breast,1000,80,0.11779942543742462
exchange_layers,breast,1000,100,0.081921458488298
exchange_layers,circle,20,20,0.6702553099044147
exchange_layers,circle,20,40,0.681647352981312
exchange_layers,circle,20,60,0.712198100790142
exchange_layers,circle,20,80,0.6869473777199565
exchange_layers,circle,20,100,0.7529891862521859
exchange_layers,circle,40,20,0.6449944865254373
exchange_layers,circle,40,40,0.5464454493043677
exchange_layers,circle,40,60,0.648028526044079
exchange_layers,circle,40,80,0.5377229981988527
exchange_layers,circle,40,100,0.672765445706114
exchange_layers,circle,60,20,0.5526525311016327
exchange_layers,circle,60,40,0.42361290111031746
exchange_layers,circle,60,60,0.4449450527841481
exchange_layers,circle,60,80,0.654516501262574
exchange_layers,circle,60,100,0.39165398840597043
exchange_layers,circle,80,20,0.589847218164939
exchange_layers,circle,80,40,0.6383731393300244
exchange_layers,circle,80,60,0.3431278106582927
exchange_layers,circle,80,80,0.5826701850812053
exchange_layers,circle,80,100,0.4251619922717027
exchange_layers,circle,100,20,0.5682549886994175
exchange_layers,circle,100,40,0.5556503905958372
exchange_layers,circle,100,60,0.3780242478156047
exchange_layers,circle,100,80,0.3582115559356787
exchange_layers,circle,100,100,0.3443288131097436
exchange_layers,circle,500,20,0.32198124989951743
exchange_layers,circle,500,40,0.13759233811603316
exchange_layers,circle,500,60,0.16731757227705987
exchange_layers,circle,500,80,0.11541187880803183
exchange_layers,circle,500,100,0.46973500358533354
exchange_layers,circle,1000,20,0.31857326958611754
exchange_layers,circle,1000,40,0.12670568784242894
exchange_layers,circle,1000,60,0.09063447650539291
exchange_layers,circle,1000,80,0.1038347512605875
exchange_layers,circle,1000,100,0.44193963853344875
exchange_layers,iris,20,20,0.6986294444013608
exchange_layers,iris,20,40,0.6039409028818247
exchange_layers,iris,20,60,1.0770746262560618
exchange_layers,iris,20,80,0.7667977188268409
exchange_layers,iris,20,100,0.6178134506595798
exchange_layers,iris,40,20,0.5265968410519999
exchange_layers,iris,40,40,0.38054818939231555
exchange_layers,iris,40,60,0.35671541887379044
exchange_layers,iris,40,80,0.34150621358584776
exchange_layers,iris,40,100,0.3320932023679454
exchange_layers,iris,60,20,0.5164372486368006
exchange_layers,iris,60,40,0.33153997421883546
exchange_layers,iris,60,60,0.2695989651181555
exchange_layers,iris,60,80,0.5135407587088295
exchange_layers,iris,60,100,0.34177348562355786
exchange_layers,iris,80,20,0.2916005274686293
exchange_layers,iris,80,40,0.2567777232573205
exchange_layers,iris,80,60,0.2378179030375168
exchange_layers,iris,80,80,0.28464288238063123
exchange_layers,iris,80,100,0.23567054434131823
exchange_layers,iris,100,20,0.2894078785303438
exchange_layers,iris,100,40,0.19678487657721733
exchange_layers,iris,100,60,0.2005243175025425
exchange_layers,iris,100,80,0.21991910034596854
exchange_layers,iris,100,100,0.18244778154282937
exchange_layers,iris,500,20,0.10594803627698235
exchange_layers,iris,500,40,0.10239423887047666
exchange_layers,iris,500,60,0.09652297587204048
exchange_layers,iris,500,80,0.09332065317053836
exchange_layers,iris,500,100,0.08796688879797569
exchange_layers,iris,1000,20,0.08466264834049389
exchange_layers,iris,1000,40,0.07487630324642273
exchange_layers,iris,1000,60,0.07575246564100904
exchange_layers,iris,1000,80,0.06624778220836976
exchange_layers,iris,1000,100,0.05921921300431797
exchange_layers,wine,20,20,1.2881564597307409
exchange_layers,wine,20,40,1.162816966265235
exchange_layers,wine,20,60,1.0332152312648515
exchange_layers,wine,20,80,1.2227924320888934
exchange_layers,wine,20,100,1.1721746194991103
exchange_layers,wine,40,20,1.008355679738439
exchange_layers,wine,40,40,0.8572816898834426
exchange_layers,wine,40,60,0.8463975523244398
exchange_layers,wine,40,80,0.9090714159546973
exchange_layers,wine,40,100,0.6953015616610703
exchange_layers,wine,60,20,1.1428895222099373
exchange_layers,wine,60,40,0.6305233768124275
exchange_layers,wine,60,60,1.1000737268635739
exchange_layers,wine,60,80,0.5548399261458662
exchange_layers,wine,60,100,0.612639216186954
exchange_layers,wine,80,20,0.578357682671663
exchange_layers,wine,80,40,0.480254453449722
exchange_layers,wine,80,60,0.5500457630875164
exchange_layers,wine,80,80,0.6579091352134405
exchange_layers,wine,80,100,0.4618819943389262
exchange_layers,wine,100,20,0.5559802280580383
exchange_layers,wine,100,40,0.42830913882609634
exchange_layers,wine,100,60,0.5526893380684219
exchange_layers,wine,100,80,0.4408301073393775
exchange_layers,wine,100,100,0.43405697984429364
exchange_layers,wine,500,20,0.09723061090011265
exchange_layers,wine,500,40,0.09532868169687848
exchange_layers,wine,500,60,0.08821593222213663
exchange_layers,wine,500,80,0.10905556958141327
exchange_layers,wine,500,100,0.12239082645458006
exchange_layers,wine,1000,20,0.07155401331768758
exchange_layers,wine,1000,40,0.041443822630867634
exchange_layers,wine,1000,60,0.04826419519079492
exchange_layers,wine,1000,80,0.05088751856898225
exchange_layers,wine,1000,100,0.06879709485153918
individual_layers,breast,20,20,0.7395330296964316
individual_layers,breast,20,40,0.7401823606473871
individual_layers,breast,20,60,0.7710963020647483
individual_layers,breast,20,80,0.7112800334074242
individual_layers,breast,20,100,0.5839955657477193
individual_layers,breast,40,20,0.5942490014059041
individual_layers,breast,40,40,0.5124858210983816
individual_layers,breast,40,60,0.47023751856965146
individual_layers,breast,40,80,0.6093997274301723
individual_layers,breast,40,100,0.581408115738399
individual_layers,breast,60,20,0.5172896078762124
individual_layers,breast,60,40,0.4601385341783727
individual_layers,breast,60,60,0.410690280884766
individual_layers,breast,60,80,0.45380984789370016
individual_layers,breast,60,100,0.43578080358730714
individual_layers,breast,80,20,0.4631605533312235
individual_layers,breast,80,40,0.33962801350230803
individual_layers,breast,80,60,0.4116926627632723
individual_layers,breast,80,80,0.38796120493495867
individual_layers,breast,80,100,0.333699523774614
individual_layers,breast,100,20,0.39907731798362506
individual_layers,breast,100,40,0.4578184582441276
individual_layers,breast,100,60,0.34254173558739853
individual_layers,breast,100,80,0.4050840838079316
individual_layers,breast,100,100,0.39251557792994574
individual_layers,breast,500,20,0.14453652723522797
individual_layers,breast,500,40,0.16245811020050457
individual_layers,breast,500,60,0.14060021879710724
individual_layers,breast,500,80,0.1749828474495525
individual_layers,breast,500,100,0.15545131444374416
individual_layers,breast,1000,20,0.08560326719456526
individual_layers,breast,1000,40,0.06988419522515739
individual_layers,breast,1000,60,0.10168072407047303
individual_layers,breast,1000,80,0.11408112890073606
individual_layers,breast,1000,100,0.10687087951470221
individual_layers,circle,20,20,0.7027359620059751
individual_layers,circle,20,40,0.7162625525165531
individual_layers,circle,20,60,0.6894579439851868
individual_layers,circle,20,80,0.6853194000761806
individual_layers,circle,20,100,0.6640891864045199
individual_layers,circle,40,20,0.6629659348146032
individual_layers,circle,40,40,0.6459202356660166
individual_layers,circle,40,60,0.6697098673666357
individual_layers,circle,40,80,0.6368941035589134
individual_layers,circle,40,100,0.6186959326748601
individual_layers,circle,60,20,0.6294663044403043
individual_layers,circle,60,40,0.6050269751636709
individual_layers,circle,60,60,0.6168878867804819
individual_layers,circle,60,80,0.6092395324528941
individual_layers,circle,60,100,0.578870298819895
individual_layers,circle,80,20,0.6344472965422827
individual_layers,circle,80,40,0.61856658801734
individual_layers,circle,80,60,0.5859307803446839
individual_layers,circle,80,80,0.5526538073110736
individual_layers,circle,80,100,0.5917744403241285
individual_layers,circle,100,20,0.5698007275377077
individual_layers,circle,100,40,0.6269252879690665
individual_layers,circle,100,60,0.5977292381511371
individual_layers,circle,100,80,0.5862522162295477
individual_layers,circle,100,100,0.5428791152635141
individual_layers,circle,500,20,0.5766528181886516
individual_layers,circle,500,40,0.47898355825208716
individual_layers,circle,500,60,0.49151450204683406
individual_layers,circle,500,80,0.49408883275847615
individual_layers,circle,500,100,0.3893427898311425
individual_layers,circle,1000,20,0.5583642447773732
individual_layers,circle,1000,40,0.39999009240007144
individual_layers,circle,1000,60,0.4489140841969017
individual_layers,circle,1000,80,0.5326536791927049
individual_layers,circle,1000,100,0.38033038901767763
individual_layers,iris,20,20,0.6655159843352536
individual_layers,iris,20,40,0.8309432650523286
individual_layers,iris,20,60,0.7248115255615476
individual_layers,iris,20,80,0.6079816256045387
individual_layers,iris,20,100,0.6993809853402309
individual_layers,iris,40,20,0.5968431950164782
individual_layers,iris,40,40,0.5022476333840358
individual_layers,iris,40,60,0.5761020299653932
individual_layers,iris,40,80,0.6023461827140578
individual_layers,iris,40,100,0.562128761059818
individual_layers,iris,60,20,0.5201350663801697
individual_layers,iris,60,40,0.4778916889459706
individual_layers,iris,60,60,0.35643769325509667
individual_layers,iris,60,80,0.4576296196558517
individual_layers,iris,60,100,0.46028062994971464
individual_layers,iris,80,20,0.45900026095645874
individual_layers,iris,80,40,0.34462555146428964
individual_layers,iris,80,60,0.34653707250588656
individual_layers,iris,80,80,0.3222156858469501
individual_layers,iris,80,100,0.3307420173579622
individual_layers,iris,100,20,0.3370548953215415
individual_layers,iris,100,40,0.3455676136695474
individual_layers,iris,100,60,0.2893479427030224
individual_layers,iris,100,80,0.30542750168577787
individual_layers,iris,100,100,0.23908075329738965
individual_layers,iris,500,20,0.13569193396119322
individual_layers,iris,500,40,0.12416204695023336
individual_layers,iris,500,60,0.10600746340414278
individual_layers,iris,500,80,0.10084515908756284
individual_layers,iris,500,100,0.11844571793171443
individual_layers,iris,1000,20,0.1073484022232147
individual_layers,iris,1000,40,0.07850945944391989
individual_layers,iris,1000,60,0.09265335481192573
individual_layers,iris,1000,80,0.09086506760125311
individual_layers,iris,1000,100,0.09006148324088153
individual_layers,wine,20,20,1.2732379026887164
individual_layers,wine,20,40,1.408121601296499
individual_layers,wine,20,60,1.2272562565535936
individual_layers,wine,20,80,1.0324783342637938
individual_layers,wine,20,100,1.2019996875433159
individual_layers,wine,40,20,0.8553772148498169
individual_layers,wine,40,40,0.8200115083181552
individual_layers,wine,40,60,0.8060702809456927
individual_layers,wine,40,80,0.6421415463431371
individual_layers,wine,40,100,0.8461627712201325
individual_layers,wine,60,20,0.7484731305917164
individual_layers,wine,60,40,0.658496318931923
individual_layers,wine,60,60,0.4880840593555908
individual_layers,wine,60,80,0.5802640886853878
individual_layers,wine,60,100,0.655567741322111
individual_layers,wine,80,20,0.6142900678297413
individual_layers,wine,80,40,0.5936192256348122
individual_layers,wine,80,60,0.6142316324179408
individual_layers,wine,80,80,0.7169158043861266
individual_layers,wine,80,100,0.7613546687500927
individual_layers,wine,100,20,0.4917066057955643
individual_layers,wine,100,40,0.4842706607002783
individual_layers,wine,100,60,0.48925596506351404
individual_layers,wine,100,80,0.4054529219292512
individual_layers,wine,100,100,0.6501421437780136
individual_layers,wine,500,20,0.1232733807884582
individual_layers,wine,500,40,0.18963128925651782
individual_layers,wine,500,60,0.10358745278147716
individual_layers,wine,500,80,0.14830103734841932
individual_layers,wine,500,100,0.1455688773922411
individual_layers,wine,1000,20,0.07653314456979754
individual_layers,wine,1000,40,0.06406686919698847
individual_layers,wine,1000,60,0.04674604818479237
individual_layers,wine,1000,80,0.06931827445255173
individual_layers,wine,1000,100,0.05460798931835923
training_exchange_layers,breast,20,20,0.8626679003204953
training_exchange_layers,breast,20,40,0.6890603158847002
training_exchange_layers,breast,20,60,0.9503594886822122
training_exchange_layers,breast,20,80,0.822914008951032
training_exchange_layers,breast,20,100,0.8056223177316164
training_exchange_layers,breast,40,20,0.7552490313037555
training_exchange_layers,breast,40,40,0.7456605117575613
training_exchange_layers,breast,40,60,0.4680427300340301
training_exchange_layers,breast,40,80,0.6282632450237362
training_exchange_layers,breast,40,100,0.7328878482531015
training_exchange_layers,breast,60,20,0.3644210505724804
training_exchange_layers,breast,60,40,0.46939757624975326
training_exchange_layers,breast,60,60,0.5115077515249115
training_exchange_layers,breast,60,80,0.5094506540228132
training_exchange_layers,breast,60,100,0.37639986177798385
training_exchange_layers,breast,80,20,0.2675514545827004
training_exchange_layers,breast,80,40,0.3869256959286352
training_exchange_layers,breast,80,60,0.37245837304376006
training_exchange_layers,breast,80,80,0.4063080235129575
training_exchange_layers,breast,80,100,0.38974505631529877
training_exchange_layers,breast,100,20,0.43965213394813357
training_exchange_layers,breast,100,40,0.4659425550876459
training_exchange_layers,breast,100,60,0.4255778293206029
training_exchange_layers,breast,100,80,0.4476445073653471
training_exchange_layers,breast,100,100,0.42166719663689034
training_exchange_layers,breast,500,20,0.11966582193022024
training_exchange_layers,breast,500,40,0.16964885066788937
training_exchange_layers,breast,500,60,0.15345472714572256
training_exchange_layers,breast,500,80,0.1801923960197075
training_exchange_layers,breast,500,100,0.15889214478920405
training_exchange_layers,breast,1000,20,0.12705449419822115
training_exchange_layers,breast,1000,40,0.09213036434382388
training_exchange_layers,breast,1000,60,0.07624949514751765
training_exchange_layers,breast,1000,80,0.11938948273455174
training_exchange_layers,breast,1000,100,0.13630169550547178
training_exchange_layers,circle,20,20,0.6630718096053794
training_exchange_layers,circle,20,40,0.6882957753383354
training_exchange_layers,circle,20,60,0.6193596093649729
training_exchange_layers,circle,20,80,0.6421107899205902
training_exchange_layers,circle,20,100,0.6694375157276407
training_exchange_layers,circle,40,20,0.5430721451347654
training_exchange_layers,circle,40,40,0.6115001848074256
training_exchange_layers,circle,40,60,0.5577882106333976
training_exchange_layers,circle,40,80,0.530871936259669
training_exchange_layers,circle,40,100,0.48763564474655785
training_exchange_layers,circle,60,20,0.5317475839596918
training_exchange_layers,circle,60,40,0.5134027612337076
training_exchange_layers,circle,60,60,0.4572179642354555
training_exchange_layers,circle,60,80,0.3651668403317816
training_exchange_layers,circle,60,100,0.5509433910206873
training_exchange_layers,circle,80,20,0.4474984582187427
training_exchange_layers,circle,80,40,0.43143301689391583
training_exchange_layers,circle,80,60,0.3953919622169909
training_exchange_layers,circle,80,80,0.3473922667150511
training_exchange_layers,circle,80,100,0.3640960480973815
training_exchange_layers,circle,100,20,0.506806779501644
training_exchange_layers,circle,100,40,0.4232669969796798
training_exchange_layers,circle,100,60,0.5054199903055449
training_exchange_layers,circle,100,80,0.41530192972264035
training_exchange_layers,circle,100,100,0.3142492571265395
training_exchange_layers,circle,500,20,0.1975481674964635
training_exchange_layers,circle,500,40,0.38526088503463596
training_exchange_layers,circle,500,60,0.19747073782076055
training_exchange_layers,circle,500,80,0.1080856778253549
training_exchange_layers,circle,500,100,0.08317794409834818
training_exchange_layers,circle,1000,20,0.18332677600228703
training_exchange_layers,circle,1000,40,0.11094693175908489
training_exchange_layers,circle,1000,60,0.07652274474656472
training_exchange_layers,circle,1000,80,0.06857097813095124
training_exchange_layers,circle,1000,100,0.2057358349348142
training_exchange_layers,iris,20,20,0.5600665526566523
training_exchange_layers,iris,20,40,0.7935285437106815
training_exchange_layers,iris,20,60,0.6724867031837679
training_exchange_layers,iris,20,80,0.9521019301787079
training_exchange_layers,iris,20,100,0.6089980277328112
training_exchange_layers,iris,40,20,0.5251252466987193
training_exchange_layers,iris,40,40,0.6394457895416069
training_exchange_layers,iris,40,60,0.591861916972158
training_exchange_layers,iris,40,80,0.6117837406466288
training_exchange_layers,iris,40,100,0.40191351982969425
training_exchange_layers,iris,60,20,0.40223428924515864
training_exchange_layers,iris,60,40,0.5251508273328503
training_exchange_layers,iris,60,60,0.7738424109264967
training_exchange_layers,iris,60,80,0.39356258828169455
training_exchange_layers,iris,60,100,0.26880762574603206
training_exchange_layers,iris,80,20,0.392153894536189
training_exchange_layers,iris,80,40,0.37489077112096064
training_exchange_layers,iris,80,60,0.48935556379642214
training_exchange_layers,iris,80,80,0.28729916151042495
training_exchange_layers,iris,80,100,0.31577000230425606
training_exchange_layers,iris,100,20,0.30828565970462407
training_exchange_layers,iris,100,40,0.2292090839125295
training_exchange_layers,iris,100,60,0.3603793947476748
training_exchange_layers,iris,100,80,0.26494498174852954
training_exchange_layers,iris,100,100,0.21779569494846449
training_exchange_layers,iris,500,20,0.08376258435816678
training_exchange_layers,iris,500,40,0.08719921235510482
training_exchange_layers,iris,500,60,0.08695865270943694
training_exchange_layers,iris,500,80,0.19881431834283786
training_exchange_layers,iris,500,100,0.09624972966835264
training_exchange_layers,iris,1000,20,0.11162317221412543
training_exchange_layers,iris,1000,40,0.08094329657182775
training_exchange_layers,iris,1000,60,0.07245450714856909
training_exchange_layers,iris,1000,80,0.06845295897421819
training_exchange_layers,iris,1000,100,0.06104704420495842
training_exchange_layers,wine,20,20,1.0948751067293931
training_exchange_layers,wine,20,40,1.145879305935619
training_exchange_layers,wine,20,60,1.3932864232101143
training_exchange_layers,wine,20,80,1.0453215433054277
training_exchange_layers,wine,20,100,1.181606899475695
training_exchange_layers,wine,40,20,0.6725780294608529
training_exchange_layers,wine,40,40,0.7368002731438424
training_exchange_layers,wine,40,60,1.0422696698538894
training_exchange_layers,wine,40,80,0.8862574111864322
training_exchange_layers,wine,40,100,0.801938361283545
training_exchange_layers,wine,60,20,0.6403836245753997
training_exchange_layers,wine,60,40,0.6049567278225904
training_exchange_layers,wine,60,60,1.0004758653925894
training_exchange_layers,wine,60,80,0.7270458134153649
training_exchange_layers,wine,60,100,0.5154330373095283
training_exchange_layers,wine,80,20,0.7532403764519038
training_exchange_layers,wine,80,40,0.48576569481041076
training_exchange_layers,wine,80,60,0.5948542502150482
training_exchange_layers,wine,80,80,0.5399864584244869
training_exchange_layers,wine,80,100,0.7652872868907861
training_exchange_layers,wine,100,20,0.4148226510179843
training_exchange_layers,wine,100,40,0.4844162407833879
training_exchange_layers,wine,100,60,0.4207738219876217
training_exchange_layers,wine,100,80,0.5003837946987979
training_exchange_layers,wine,100,100,0.3081731671768237
training_exchange_layers,wine,500,20,0.12768307547400073
training_exchange_layers,wine,500,40,0.1990908424129271
training_exchange_layers,wine,500,60,0.1383738256252378
training_exchange_layers,wine,500,80,0.09746722664913375
training_exchange_layers,wine,500,100,0.1681738942032072
training_exchange_layers,wine,1000,20,0.06146366902049546
training_exchange_layers,wine,1000,40,0.15611525982668004
training_exchange_layers,wine,1000,60,0.038249684870910565
training_exchange_layers,wine,1000,80,0.035636671639818804
training_exchange_layers,wine,1000,100,0.057041555152067394
training_exchange_layers_e,breast,20,20,1.0998256734538425
training_exchange_layers_e,breast,20,40,0.7978749248927834
training_exchange_layers_e,breast,20,60,0.7007381768123923
training_exchange_layers_e,breast,20,80,1.4212814947548962
training_exchange_layers_e,breast,20,100,0.7847882439845186
training_exchange_layers_e,breast,40,20,0.6019067264020956
training_exchange_layers_e,breast,40,40,0.707112222294327
training_exchange_layers_e,breast,40,60,0.6434719407929115
training_exchange_layers_e,breast,40,80,0.6620133374510279
training_exchange_layers_e,breast,40,100,0.5884472671826966
training_exchange_layers_e,breast,60,20,0.5081248697024383
training_exchange_layers_e,breast,60,40,0.39097131517004036
training_exchange_layers_e,breast,60,60,0.4363745280588557
training_exchange_layers_e,breast,60,80,0.5137472037836732
training_exchange_layers_e,breast,60,100,0.4166827544991456
training_exchange_layers_e,breast,80,20,0.5038486616542935
training_exchange_layers_e,breast,80,40,0.4506522185859756
training_exchange_layers_e,breast,80,60,0.4898994568446106
training_exchange_layers_e,breast,80,80,0.40448227537582804
training_exchange_layers_e,breast,80,100,0.3458892246291798
training_exchange_layers_e,breast,100,20,0.4706487786347442
training_exchange_layers_e,breast,100,40,0.3817231212823602
training_exchange_layers_e,breast,100,60,0.4108110030896322
training_exchange_layers_e,breast,100,80,0.5829327787919911
training_exchange_layers_e,breast,100,100,0.7198043968336901
training_exchange_layers_e,breast,500,20,0.23971413222840848
training_exchange_layers_e,breast,500,40,0.15465491820523136
training_exchange_layers_e,breast,500,60,0.20968758283225636
training_exchange_layers_e,breast,500,80,0.1623074002810534
training_exchange_layers_e,breast,500,100,0.16732705290378996
training_exchange_layers_e,breast,1000,20,0.1237675849164063
training_exchange_layers_e,breast,1000,40,0.10419905030105918
training_exchange_layers_e,breast,1000,60,0.1384394571089642
training_exchange_layers_e,breast,1000,80,0.1829383726899474
training_exchange_layers_e,breast,1000,100,0.11508234492431649
training_exchange_layers_e,circle,20,20,0.6445723357398941
training_exchange_layers_e,circle,20,40,0.6796815971081935
training_exchange_layers_e,circle,20,60,0.6703713741291955
training_exchange_layers_e,circle,20,80,0.6889385475637609
training_exchange_layers_e,circle,20,100,0.6656791173183558
training_exchange_layers_e,circle,40,20,0.5654455974303381
training_exchange_layers_e,circle,40,40,0.5708645869926328
training_exchange_layers_e,circle,40,60,0.5645661290609909
training_exchange_layers_e,circle,40,80,0.6216535626331812
training_exchange_layers_e,circle,40,100,0.5678748461962508
training_exchange_layers_e,circle,60,20,0.5307651124156807
training_exchange_layers_e,circle,60,40,0.40519981029977425
training_exchange_layers_e,circle,60,60,0.3922868325172239
training_exchange_layers_e,circle,60,80,0.4652502252986052
training_exchange_layers_e,circle,60,100,0.5207294734013341
training_exchange_layers_e,circle,80,20,0.5717822400028443
training_exchange_layers_e,circle,80,40,0.46747025142642
training_exchange_layers_e,circle,80,60,0.4348768373906698
training_exchange_layers_e,circle,80,80,0.5169034697552771
training_exchange_layers_e,circle,80,100,0.5019090084061244
training_exchange_layers_e,circle,100,20,0.44311755938989555
training_exchange_layers_e,circle,100,40,0.3862215918190984
training_exchange_layers_e,circle,100,60,0.3799527850885541
training_exchange_layers_e,circle,100,80,0.4461270037930679
training_exchange_layers_e,circle,100,100,0.3620058523712433
training_exchange_layers_e,circle,500,20,0.2241595778366286
training_exchange_layers_e,circle,500,40,0.22504161699110684
training_exchange_layers_e,circle,500,60,0.12522690281942775
training_exchange_layers_e,circle,500,80,0.27241369487746986
training_exchange_layers_e,circle,500,100,0.1530329939553157
training_exchange_layers_e,circle,1000,20,0.1587466233209701
training_exchange_layers_e,circle,1000,40,0.11878026479862505
training_exchange_layers_e,circle,1000,60,0.0835488365463585
training_exchange_layers_e,circle,1000,80,0.17921717554317196
training_exchange_layers_e,circle,1000,100,0.15765466842331033
training_exchange_layers_e,iris,20,20,0.976395515844392
training_exchange_layers_e,iris,20,40,0.46771343361827483
training_exchange_layers_e,iris,20,60,0.6236288468320733
training_exchange_layers_e,iris,20,80,0.7497489741065467
training_exchange_layers_e,iris,20,100,0.6484968849356889
training_exchange_layers_e,iris,40,20,0.4740122836868795
training_exchange_layers_e,iris,40,40,0.4085207350103942
training_exchange_layers_e,iris,40,60,0.6158144787361526
training_exchange_layers_e,iris,40,80,0.39860763040322833
training_exchange_layers_e,iris,40,100,0.3665415887345083
training_exchange_layers_e,iris,60,20,0.5743685915665995
training_exchange_layers_e,iris,60,40,0.4836825777286813
training_exchange_layers_e,iris,60,60,0.480195901482597
training_exchange_layers_e,iris,60,80,0.3610164494566394
training_exchange_layers_e,iris,60,100,0.4209158817462185
training_exchange_layers_e,iris,80,20,0.32135699547555696
training_exchange_layers_e,iris,80,40,0.6870466939793143
training_exchange_layers_e,iris,80,60,0.2767296223587263
training_exchange_layers_e,iris,80,80,0.4991475333724258
training_exchange_layers_e,iris,80,100,0.408394931755893
training_exchange_layers_e,iris,100,20,0.27502492577928433
training_exchange_layers_e,iris,100,40,0.25844922222493005
training_exchange_layers_e,iris,100,60,0.3101323363184162
training_exchange_layers_e,iris,100,80,0.3318338876498272
training_exchange_layers_e,iris,100,100,0.4312455774422376
training_exchange_layers_e,iris,500,20,0.11175135517735175
training_exchange_layers_e,iris,500,40,0.10165712666679405
training_exchange_layers_e,iris,500,60,0.09058788104648349
training_exchange_layers_e,iris,500,80,0.09195869302051579
training_exchange_layers_e,iris,500,100,0.08439107396396203
training_exchange_layers_e,iris,1000,20,0.08667915150476489
training_exchange_layers_e,iris,1000,40,0.0695776910177675
training_exchange_layers_e,iris,1000,60,0.07803706585144732
training_exchange_layers_e,iris,1000,80,0.07196871878260659
training_exchange_layers_e,iris,1000,100,0.0557793652068408
training_exchange_layers_e,wine,20,20,1.4468725793461705
training_exchange_layers_e,wine,20,40,0.9604385663438991
training_exchange_layers_e,wine,20,60,1.0343671733253539
training_exchange_layers_e,wine,20,80,0.8996194398501612
training_exchange_layers_e,wine,20,100,1.2015365083825886
training_exchange_layers_e,wine,40,20,1.2322852921804421
training_exchange_layers_e,wine,40,40,0.9590934520765099
training_exchange_layers_e,wine,40,60,1.1039489205368007
training_exchange_layers_e,wine,40,80,0.8927776172922559
training_exchange_layers_e,wine,40,100,0.9580336759936732
training_exchange_layers_e,wine,60,20,0.8216844485170202
training_exchange_layers_e,wine,60,40,0.9174811740727652
training_exchange_layers_e,wine,60,60,0.8939062759585981
training_exchange_layers_e,wine,60,80,0.6104350544911175
training_exchange_layers_e,wine,60,100,0.9650032660097354
training_exchange_layers_e,wine,80,20,0.8627466896491593
training_exchange_layers_e,wine,80,40,0.5050145436782891
training_exchange_layers_e,wine,80,60,0.4425769220075923
training_exchange_layers_e,wine,80,80,0.7630004784589581
training_exchange_layers_e,wine,80,100,0.47813333794412594
training_exchange_layers_e,wine,100,20,1.1741656710615354
training_exchange_layers_e,wine,100,40,0.598587910440521
training_exchange_layers_e,wine,100,60,0.7059214393008638
training_exchange_layers_e,wine,100,80,0.8471300205457556
training_exchange_layers_e,wine,100,100,0.33819255673113957
training_exchange_layers_e,wine,500,20,0.11977631730698131
training_exchange_layers_e,wine,500,40,0.15898536181606163
training_exchange_layers_e,wine,500,60,0.12429275612466333
training_exchange_layers_e,wine,500,80,0.1505552474158147
training_exchange_layers_e,wine,500,100,0.08829266982765609
training_exchange_layers_e,wine,1000,20,0.052773098393773
training_exchange_layers_e,wine,1000,40,0.12269372466768401
training_exchange_layers_e,wine,1000,60,0.046251605181004955
training_exchange_layers_e,wine,1000,80,0.08111941437436031
training_exchange_layers_e,wine,1000,100,0.10174101494257676
no_individual_layers,breast,20,20,0.8294659275706712
no_individual_layers,breast,20,40,0.740866343566874
no_individual_layers,breast,20,60,0.7499086175745711
no_individual_layers,breast,20,80,0.7048572125795672
no_individual_layers,breast,20,100,0.6163518865174545
no_individual_layers,breast,40,20,0.5612690025950918
no_individual_layers,breast,40,40,0.5149594341683361
no_individual_layers,breast,40,60,0.5510127690861759
no_individual_layers,breast,40,80,0.43680244767255977
no_individual_layers,breast,40,100,0.5959418359034643
no_individual_layers,breast,60,20,0.3939876556150697
no_individual_layers,breast,60,40,0.4776179993504231
no_individual_layers,breast,60,60,0.5449520642477614
no_individual_layers,breast,60,80,0.40161977698891954
no_individual_layers,breast,60,100,0.394966280933711
no_individual_layers,breast,80,20,0.41762340608747966
no_individual_layers,breast,80,40,0.4382350272657781
no_individual_layers,breast,80,60,0.38980441728035414
no_individual_layers,breast,80,80,0.41596982460020254
no_individual_layers,breast,80,100,0.38609584009385844
no_individual_layers,breast,100,20,0.3979558081042713
no_individual_layers,breast,100,40,0.35914140473842504
no_individual_layers,breast,100,60,0.32823804729986666
no_individual_layers,breast,100,80,0.3415251604989207
no_individual_layers,breast,100,100,0.33395496699207927
no_individual_layers,breast,500,20,0.16108632318539662
no_individual_layers,breast,500,40,0.18023372521810851
no_individual_layers,breast,500,60,0.15145781941666386
no_individual_layers,breast,500,80,0.17703029480443513
no_individual_layers,breast,500,100,0.14175958356176308
no_individual_layers,breast,1000,20,0.14922109306684878
no_individual_layers,breast,1000,40,0.125972868380542
no_individual_layers,breast,1000,60,0.15460891634426774
no_individual_layers,breast,1000,80,0.09676618983403841
no_individual_layers,breast,1000,100,0.09216261786059865
no_individual_layers,circle,20,20,0.6870088536901144
no_individual_layers,circle,20,40,0.682114996553275
no_individual_layers,circle,20,60,0.6882619700242076
no_individual_layers,circle,20,80,0.682533181010511
no_individual_layers,circle,20,100,0.6968185884101715
no_individual_layers,circle,40,20,0.6684296865043018
no_individual_layers,circle,40,40,0.6571551528399767
no_individual_layers,circle,40,60,0.6498261990651472
no_individual_layers,circle,40,80,0.6574825283826559
no_individual_layers,circle,40,100,0.632811708923306
no_individual_layers,circle,60,20,0.6435662532908828
no_individual_layers,circle,60,40,0.6101098449211274
no_individual_layers,circle,60,60,0.6318770189570789
no_individual_layers,circle,60,80,0.5915083238422966
no_individual_layers,circle,60,100,0.6041484375940643
no_individual_layers,circle,80,20,0.6689869946281779
no_individual_layers,circle,80,40,0.6324051989824001
no_individual_layers,circle,80,60,0.589690035689353
no_individual_layers,circle,80,80,0.6092439508828468
no_individual_layers,circle,80,100,0.6137812237711967
no_individual_layers,circle,100,20,0.5934389599644581
no_individual_layers,circle,100,40,0.5551311125613285
no_individual_layers,circle,100,60,0.5906756950751039
no_individual_layers,circle,100,80,0.5729893922497283
no_individual_layers,circle,100,100,0.48407628939318836
no_individual_layers,circle,500,20,0.649150131140169
no_individual_layers,circle,500,40,0.5161427755475906
no_individual_layers,circle,500,60,0.4288128154886897
no_individual_layers,circle,500,80,0.5299169123909498
no_individual_layers,circle,500,100,0.42274045252470926
no_individual_layers,circle,1000,20,0.47631076831717845
no_individual_layers,circle,1000,40,0.5046159402481419
no_individual_layers,circle,1000,60,0.2694487844110856
no_individual_layers,circle,1000,80,0.333994820597589
no_individual_layers,circle,1000,100,0.35570364657783665
no_individual_layers,iris,20,20,0.6288833860002867
no_individual_layers,iris,20,40,0.6929462121642755
no_individual_layers,iris,20,60,0.5819961284756461
no_individual_layers,iris,20,80,0.6763750269411641
no_individual_layers,iris,20,100,0.7912067440953676
no_individual_layers,iris,40,20,0.6489025345725428
no_individual_layers,iris,40,40,0.6197092984373508
no_individual_layers,iris,40,60,0.3521545644189949
no_individual_layers,iris,40,80,0.5155006717002152
no_individual_layers,iris,40,100,0.45014629564625114
no_individual_layers,iris,60,20,0.5235319857835113
no_individual_layers,iris,60,40,0.39877349463476547
no_individual_layers,iris,60,60,0.4201515960066666
no_individual_layers,iris,60,80,0.3542402024948371
no_individual_layers,iris,60,100,0.3501201051966219
no_individual_layers,iris,80,20,0.3478370599132519
no_individual_layers,iris,80,40,0.31819370579828843
no_individual_layers,iris,80,60,0.35560997908166053
no_individual_layers,iris,80,80,0.32752080776745524
no_individual_layers,iris,80,100,0.27007497904881306
no_individual_layers,iris,100,20,0.3840305391260738
no_individual_layers,iris,100,40,0.3175557701849865
no_individual_layers,iris,100,60,0.2776636487607427
no_individual_layers,iris,100,80,0.24543673897903526
no_individual_layers,iris,100,100,0.3665875212920177
no_individual_layers,iris,500,20,0.16511958368088914
no_individual_layers,iris,500,40,0.12190734436927735
no_individual_layers,iris,500,60,0.137678905820702
no_individual_layers,iris,500,80,0.155473393518322
no_individual_layers,iris,500,100,0.11505493638982038
no_individual_layers,iris,1000,20,0.11906314395372572
no_individual_layers,iris,1000,40,0.08009490685613793
no_individual_layers,iris,1000,60,0.07743399016027776
no_individual_layers,iris,1000,80,0.08612892547631039
no_individual_layers,iris,1000,100,0.08429848478755295
no_individual_layers,wine,20,20,1.1512909190749518
no_individual_layers,wine,20,40,0.990136581322502
no_individual_layers,wine,20,60,1.1163051890022664
no_individual_layers,wine,20,80,1.141763673938758
no_individual_layers,wine,20,100,0.9934611419069939
no_individual_layers,wine,40,20,0.8767538388379718
no_individual_layers,wine,40,40,0.7611328737573267
no_individual_layers,wine,40,60,0.8514056685280843
no_individual_layers,wine,40,80,0.8572772262504439
no_individual_layers,wine,40,100,0.7199051637869739
no_individual_layers,wine,60,20,0.6774837463357127
no_individual_layers,wine,60,40,0.7830575980463247
no_individual_layers,wine,60,60,0.7060125679164402
no_individual_layers,wine,60,80,0.7170405535390588
no_individual_layers,wine,60,100,0.6046259475450092
no_individual_layers,wine,80,20,0.736572146742594
no_individual_layers,wine,80,40,0.5308302842975146
no_individual_layers,wine,80,60,0.5861379715309182
no_individual_layers,wine,80,80,0.7350735375803891
no_individual_layers,wine,80,100,0.71891020868299
no_individual_layers,wine,100,20,0.5533082130862026
no_individual_layers,wine,100,40,0.6545947258093148
no_individual_layers,wine,100,60,0.5543455002324608
no_individual_layers,wine,100,80,0.4916772595867898
no_individual_layers,wine,100,100,0.4877523016880146
no_individual_layers,wine,500,20,0.14735015713750965
no_individual_layers,wine,500,40,0.10034506927832564
no_individual_layers,wine,500,60,0.10711230250559972
no_individual_layers,wine,500,80,0.11091205584291394
no_individual_layers,wine,500,100,0.09174064333774212
no_individual_layers,wine,1000,20,0.0668692426117369
no_individual_layers,wine,1000,40,0.06138163448197219
no_individual_layers,wine,1000,60,0.05024038902298455
no_individual_layers,wine,1000,80,0.04717953520695702
no_individual_layers,wine,1000,100,0.05380865019960302
no_exchange_layers,breast,20,20,0.7970432151881481
no_exchange_layers,breast,20,40,0.7839339826571613
no_exchange_layers,breast,20,60,0.6747283297570148
no_exchange_layers,breast,20,80,0.9818170149636875
no_exchange_layers,breast,20,100,0.6781027156929414
no_exchange_layers,breast,40,20,0.6973925279432351
no_exchange_layers,breast,40,40,0.7135132557936352
no_exchange_layers,breast,40,60,0.6299409347252919
no_exchange_layers,breast,40,80,0.7103916123058772
no_exchange_layers,breast,40,100,0.4782993009701952
no_exchange_layers,breast,60,20,0.49653677151001346
no_exchange_layers,breast,60,40,0.755752095302479
no_exchange_layers,breast,60,60,0.4421242935427251
no_exchange_layers,breast,60,80,0.3782838744564839
no_exchange_layers,breast,60,100,0.4812124286619221
no_exchange_layers,breast,80,20,0.48668007351418713
no_exchange_layers,breast,80,40,0.5273948291596876
no_exchange_layers,breast,80,60,0.586525477385097
no_exchange_layers,breast,80,80,0.5123115649077344
no_exchange_layers,breast,80,100,0.36141975771118723
no_exchange_layers,breast,100,20,0.40006521235029624
no_exchange_layers,breast,100,40,0.33208336652292536
no_exchange_layers,breast,100,60,0.44591311645455894
no_exchange_layers,breast,100,80,0.5165584001074883
no_exchange_layers,breast,100,100,0.48592096894777337
no_exchange_layers,breast,500,20,0.2357887658383764
no_exchange_layers,breast,500,40,0.21049250484192455
no_exchange_layers,breast,500,60,0.26104263201800865
no_exchange_layers,breast,500,80,0.2087752609569286
no_exchange_layers,breast,500,100,0.23174738579533902
no_exchange_layers,breast,1000,20,0.13300058743060833
no_exchange_layers,breast,1000,40,0.08752229155837202
no_exchange_layers,breast,1000,60,0.13429294570497818
no_exchange_layers,breast,1000,80,0.10240255442914777
no_exchange_layers,breast,1000,100,0.1253262947526182
no_exchange_layers,circle,20,20,0.6617515258297509
no_exchange_layers,circle,20,40,0.6837674701326337
no_exchange_layers,circle,20,60,0.6699140622416847
no_exchange_layers,circle,20,80,0.7026308719340708
no_exchange_layers,circle,20,100,0.7497276553033844
no_exchange_layers,circle,40,20,0.5696295295959618
no_exchange_layers,circle,40,40,0.7249753276912401
no_exchange_layers,circle,40,60,0.6101055873941189
no_exchange_layers,circle,40,80,0.6200284947835863
no_exchange_layers,circle,40,100,0.9002678891913739
no_exchange_layers,circle,60,20,0.5826091439755967
no_exchange_layers,circle,60,40,0.5000418490313717
no_exchange_layers,circle,60,60,0.8405439018371212
no_exchange_layers,circle,60,80,0.5559603150293395
no_exchange_layers,circle,60,100,0.6057808317680763
no_exchange_layers,circle,80,20,0.47706943342791724
no_exchange_layers,circle,80,40,0.4494452354941647
no_exchange_layers,circle,80,60,0.5368775113731181
no_exchange_layers,circle,80,80,0.4437604621710256
no_exchange_layers,circle,80,100,0.629925754831647
no_exchange_layers,circle,100,20,0.4613840216626254
no_exchange_layers,circle,100,40,0.4212219536716385
no_exchange_layers,circle,100,60,0.3514558487060366
no_exchange_layers,circle,100,80,0.3567064403669849
no_exchange_layers,circle,100,100,0.44087690440966454
no_exchange_layers,circle,500,20,0.2630269069235016
no_exchange_layers,circle,500,40,0.22659316967902415
no_exchange_layers,circle,500,60,0.11117095974074485
no_exchange_layers,circle,500,80,0.14893832407713042
no_exchange_layers,circle,500,100,0.16621716405338186
no_exchange_layers,circle,1000,20,0.17132211719012808
no_exchange_layers,circle,1000,40,0.14942105312106943
no_exchange_layers,circle,1000,60,0.34823828594174394
no_exchange_layers,circle,1000,80,0.08451270556939947
no_exchange_layers,circle,1000,100,0.07600333207094546
no_exchange_layers,iris,20,20,0.8598119143401523
no_exchange_layers,iris,20,40,1.707221432488231
no_exchange_layers,iris,20,60,0.5331575648297509
no_exchange_layers,iris,20,80,0.5752082215773717
no_exchange_layers,iris,20,100,0.6196400442130127
no_exchange_layers,iris,40,20,0.6341382906917065
no_exchange_layers,iris,40,40,0.4740979435365603
no_exchange_layers,iris,40,60,0.3406478029974743
no_exchange_layers,iris,40,80,0.6065720462665731
no_exchange_layers,iris,40,100,0.4646236896053746
no_exchange_layers,iris,60,20,0.4474737644995785
no_exchange_layers,iris,60,40,0.3028098958695789
no_exchange_layers,iris,60,60,0.36967885251145627
no_exchange_layers,iris,60,80,0.2605071119524937
no_exchange_layers,iris,60,100,0.28402325390435756
no_exchange_layers,iris,80,20,0.38893443293826846
no_exchange_layers,iris,80,40,0.25616409794080414
no_exchange_layers,iris,80,60,0.28319911467939674
no_exchange_layers,iris,80,80,0.2893132958852477
no_exchange_layers,iris,80,100,0.2253200551561264
no_exchange_layers,iris,100,20,0.24377115499275492
no_exchange_layers,iris,100,40,0.3895972824660679
no_exchange_layers,iris,100,60,0.2550564806346155
no_exchange_layers,iris,100,80,0.29939699202657694
no_exchange_layers,iris,100,100,0.24356664839333486
no_exchange_layers,iris,500,20,0.15594649532726246
no_exchange_layers,iris,500,40,0.08197066872497208
no_exchange_layers,iris,500,60,0.10322909253292004
no_exchange_layers,iris,500,80,0.15783354951902717
no_exchange_layers,iris,500,100,0.08449022191713876
no_exchange_layers,iris,1000,20,0.08585640654247374
no_exchange_layers,iris,1000,40,0.06703596193592017
no_exchange_layers,iris,1000,60,0.06508759980362416
no_exchange_layers,iris,1000,80,0.08011453502253661
no_exchange_layers,iris,1000,100,0.08231387250754826
no_exchange_layers,wine,20,20,1.2366769040312757
no_exchange_layers,wine,20,40,1.1601640590655773
no_exchange_layers,wine,20,60,1.1075923961762724
no_exchange_layers,wine,20,80,1.3527498903946602
no_exchange_layers,wine,20,100,0.7966943457012732
no_exchange_layers,wine,40,20,1.0747277519439158
no_exchange_layers,wine,40,40,1.0823454612686336
no_exchange_layers,wine,40,60,0.8988916548656597
no_exchange_layers,wine,40,80,0.7295181301697443
no_exchange_layers,wine,40,100,0.9356534584368803
no_exchange_layers,wine,60,20,0.7324202177369914
no_exchange_layers,wine,60,40,0.8192152506254481
no_exchange_layers,wine,60,60,0.6613632144180489
no_exchange_layers,wine,60,80,0.6980805220305538
no_exchange_layers,wine,60,100,0.983795818003443
no_exchange_layers,wine,80,20,0.856128325318194
no_exchange_layers,wine,80,40,0.5973533686940883
no_exchange_layers,wine,80,60,0.5090813382552367
no_exchange_layers,wine,80,80,0.47040755775459997
no_exchange_layers,wine,80,100,0.5565833460546583
no_exchange_layers,wine,100,20,0.6725843081548831
no_exchange_layers,wine,100,40,0.7065389013995004
no_exchange_layers,wine,100,60,0.6794441488620283
no_exchange_layers,wine,100,80,0.4234846916882959
no_exchange_layers,wine,100,100,0.481542857652853
no_exchange_layers,wine,500,20,0.08740481405658593
no_exchange_layers,wine,500,40,0.1377228781005274
no_exchange_layers,wine,500,60,0.08985549277359774
no_exchange_layers,wine,500,80,0.09658420188004249
no_exchange_layers,wine,500,100,0.08423713578044045
no_exchange_layers,wine,1000,20,0.10992144305239836
no_exchange_layers,wine,1000,40,0.048501821533481454
no_exchange_layers,wine,1000,60,0.08698654395754052
no_exchange_layers,wine,1000,80,0.09227157673035924
no_exchange_layers,wine,1000,100,0.07259758190570237
